Metric,Value
Threshold,0.988
Accuracy,0.9114954221770092
Precision,1.0
Recall,0.853781512605042
F1,0.9211242067089755
PR-AUC,0.9997144078371948
ROC-AUC,0.999562505414537
