feature,mean_abs_shap
11,2.3615215
6,2.2740228
3,1.9757738
1,1.8359228
10,1.3026472
13,1.3021008
12,0.44597244
7,0.26670742
2,0.22656846
27,0.21424697
0,0.20369829
4,0.20282799
9,0.13501368
5,0.115238644
28,0.10047246
29,0.06339398
24,0.059869245
26,0.03458838
23,0.029093038
8,0.027858423
21,0.020593092
22,0.0083921235
25,0.0065013818
17,0.0048723347
16,0.0
18,0.0
19,0.0
20,0.0
14,0.0
15,0.0
